old_ingre, new_ingre, category, expire_date, storage_method
"","","","",""
로제스파게티소스, 로제스파게티소스, 8, 6, 3
시판재래식된장, 된장, 8, 6, 3
우삼겹살, 우삼겹, 7, 5, 1
만두피, 만두피, 1, 5, 2
오렌지, 오렌지, 5, 2, 1
이쑤씨개, 이쑤시개, 11, 6, 3
요플레, 요플레, 3, 3, 1
감자작은거, 감자, 6, 3, 1
간통후추, 통후추, 8, 6, 3
소고기(갈은것), 소고기, 7, 4, 2
발사믹드레싱, 발사믹드레싱, 8, 6, 3
맛소금구운김밥김, 구운김, 10, 5, 3
송송썬파, 파, 6, 1, 1
쇠고기(등심), 소고기(등심), 7, 4, 2
찹쌀떡, 찹쌀떡, 1
브로콜리작은거, 브로콜리, 6, 2, 1
우유또는계란
드라이이스트, 드라이이스트, 10, 6, 3
불고기용고기, 소고기(불고기용), 7, 4, 2
노랑파프리카각, 파프리카(노랑), 6, 3, 1
송송썰은파, 파, 6, 1, 1
병아리콩밥, 병아리콩, 6, 6, 3
다진고추, 고추, 6, 3, 1
인절미, 인절미, 1
고추참치, 고추참치, 2, 6, 1
국물용멸치, 멸치(국물용), 2, 5, 2
다시육수, 다시마육수, 
소금살짝, 소금, 8, 6, 3
파(송송썰어), 파, 6, 1, 1
표고버섯(생략가능), 표고버섯, 6, 3, 1
고수, 고수, 6, 
설탕., 설탕, 8, 6, 3
다크커버춰(다크초콜릿), 다크초콜릿, 9, 6, 1
(볶음때기름)
사가어묵(2장), 어묵, 2, 1, 1
꼬마새송이, 새송이버섯, 6, 1 ,1
사과반개, 사과, 5, 3, 1
애호박3분의, 애호박, 6, 1, 1
바질가루(대체가능), 바질가루, 8, 6, 3
버터(옵션), 버터, 3, 5, 1
삶은호박고구마, 호박고구마, 6, 5, 3
당근(잘게썰어서), 당근, 6, 3, 1
굵게다진호두, 호두, 6, 5, 1
황치즈분말Yellowcheesepowder, 3, 5, 1
훗춧가루, 후춧가루, 8, 6, 3
양파작은거, 양파, 6, 2, 1
마늘작은손, 마늘, 6, 3, 1
대파1대, 파, 6, 1, 1
잘게썬고추파의, 고추, 6, 3, 1
슈레드치즈, 슈레드치즈, 3, 4, 1
표고버섯또는양송이, 표고버섯, 6, 3, 1
깻잎(또는부추), 깻잎, 6, 1, 1
삶은고구마大, 고구마, 6, 3, 3
명란젓갈, 명란젓갈, 8, 1, 1
방울만두(일반만두), 만두, 1, 5, 2
까나리액젓(멸치액젓사용가능
꼬막삶은물
대파푸른부분
요리용생크림
찬우유
비스킷
굴소스(간장양념용)
조미김가루
고기삶은육수
모차렐라치즈(생략가능)
자일로스설탕
누룽지가루
박력
발로나코코아가루
명태알
분유
스팸(큰거)
소시지바
매운고추가루
건표고버섯작은걸로
피자치즈
설탕2번
오징어(중)
두반장소스(고춧가루와간장으로대체가능)
돼지고기(부위무관)
초고추장
미향또는맛술
다시마육수
설탕B
칠리소스
연두부(or순두부)
로메인
삶은옥수수
또띠아(소)
파프리카빨강이
오트밀
냉동새우살
오징어(중사이즈)
양파주먹크기
설탕(간장양념용)
백련초가루(선택사항)
냉압착올리브유
지리멸치
다진아몬드(생략가능)
토마토(생략가능)
부침가루(or밀가루)
피멘톤
김발
돼지고기다짐육
애호
삶은고구마2개
로투스
얼그레이티백가루
건크랜베리(또는건포도)
식빵(옵션)
쪽파나부추
밀가루:물비율
밀가루박력분
(소주or맛술)
볼어묵
래디쉬(옵션)
샤브샤브용소고기
사골국물
조림간장
속배추
꿀or설탕
루꼴라
건식찹쌀가루
통삼겹
쪽파한줌
럼
가자미
시원한맥주
박력분밀가루
올리브or파슬리가루
스팸작은사이즈
체리잼
고추기름
카놀라유(포도씨유)
오리엔탈드레싱
두부반모
적색파프리카
물만두
마른새우(꽃새우)
계란노른자(생략가능)
대패삼겹살
콩가루
시나몬가루
마카다미아
스테이크용소고기
고구마(호박/밤고구마다가능)
비트잎
얼그레이*
다진표고버섯
또띠아10인치
대파채
치즈
다크초콜릿
따듯한물
라면사리
손질한냉동가자미
꽁치캔(국물)
청양고추가루
땅콩가루(생략가능)
중력분또는박력분
작은무
크린베리1큰술
무시래기
아몬드가루
맛간장이없다면간장
한우차돌박이
코코넛오일
두부면
스위트콘(오뚜기)
피망(색깔상관없이)
꿀/물엿
삼치
자장가루
시럽
청포묵
와사비(생략가능)
연와사비
디죤머스타드
누들떡볶이떡
삶은고구마
마른고추
표고버섯우린물
물엿또는올리고당
밀가루(강력분)
마요네즈
비엔나소세지10개정도
머스타드소스
단팥
애호박(잘게썰어서)
다시마끓인물
캔옥수수
\u200b부추
고구마작은크기
굵은고추가루
자르지않은덩어리식빵
햄
중간크기감자
레이디핑거쿠키
나무젓가락
양송이큰거
크리미
발사믹크림
부침가루(가루다가능)
카놀라유(올리브유빼고)
청·홍고추
호밀식빵
꿀(혹은올리고당)
데친배추
등갈비
녹차시럽
굵게다진마늘
허브솔트
양파(중간크기)
멸치육수(or물)
버터(팬에칠할여분의)
밀가루중력분
유정란
참깨약
조청(꿀/올리고당/물엿)
밀가루(부침가루○)
청상추
닭가슴살통조림(중간크기)
동충하초
얼그레이
올리고당(설탕대체가능)
카카오가루
\u200b박력분
두부밑간소금
캡사이신소스
파래김
소금간에
건포도(건크랜베리)
설탕(숟가락2스푼듬뿍)
우동사리
깨소금(생략가능)
오리훈제
냉동떡갈비
스프
물약
밥듬뿍~
후르츠칵테일432g
호두(땅콩)분태
스틱치즈
다크초코칩
커피크런치
파슬리가루(생략가능)
초장
홍고추1개다진마늘
베이컨썰은거
갈은소고기
맛술또는소주
버터/올리브오일
메추리알까놓은건작은것
수박
맛살자른거
밥
물기를꼭짠파래
술
생와사비
썬양파
닭봉
원하는야채
삶은당면
차가운무염버터
허브솔트(또는소금)
멸치육수
버터(선택)
커스터드크림믹스
도토리묵
녹차파우더
생크림(설탕섞인것)
중간크기계란
갈비양념
튀김가루(녹말가루)
참치100gx
설탕가루
실온플레인요거트
고추가루
얼린바나나
파프리카(색깔별로)
야채
마늘다진것
불린고사리
미니빨간파프리카
떡볶이떡
목살&삼겹살
화이트초콜렛칩
깐마늘
양파중간것
파슬리가루(선택재료)
통후추가루
볶은통깨
체다치즈
아기소금
청양초
얼그레이찻잎(갈아서사용)
돈까스소스
통마늘
마른표고버섯
씨머스타드
스테이크소스
버섯양파등채소(대체가능)
우유약
딸기가루
플레인요구르트
커스터드크림or생크림
훈제오리
고기느타리버섯
대파(잘게썰어서)
탄산음료
자른미역
차돌박이
양파중간크기
김(고명)
다진마늘
배추김치
작은두부
베이킹파더
핫케이크가루
달콤한꿀
달걀
소고기국거리
장식용아몬드슬라이스
다진아몬드
\u200b채썬채소
깻잎한
파프리카노랑이
식용유(or올리브오일)
식초&레몬즙
찹쌀가루
구이용쇠고기(3*3두께1cm)
소금후추
묵은지
물엿or조청
어른치즈
쌀
녹말물녹말가루
페퍼론치노홀
연유반죽용슈가파우더SugarPowder
다시다
허쉬초코우유
황치즈분말
파프리카(빨강)
된장
송손썬대파
잘게썬사과
차돌박이(혹은불고기)
참치캔
베이킹파우더2분의
만가닥버섯
고구마3개/큰거
생바질잎
아보카도오일
다진애호박
판초콜릿
메밀소바
베이컨작은것
소면１줌
적당한크기의감자
감자(작)
삶은쑥갓
밥새우
체
무화과
치킨스탁
스팸다진것
소고기갈빗살
감자큰것
고추
참취
참치캔(소)
고추장(매운양념용)
햄(베이컨)
데친시금치
청주또는소주
청경채(소)
잣
백오이
채썬배추
쪽파썰어준것
빵
허브솔트(후추+소금)
당근소자
굵은후춧가루
국수면
작은참치캔
통닭11호한마리
샐러드오일
떡국떡(밥그릇으로)
단호박중간크기
설탕또는물엿
갈은마늘
전분가루
초콜릿아이스크림
레몬껍질
채칼
대파(or쪽파)
닭윙
코코넛가루
오일(카놀라유&콩기름&식용유등)
당근다진것
사과즙
박력분(숟가락2스푼듬뿍)
완두콩삶은물
가쓰오부시
슬라이스아몬드and
부채살or차돌박이
민트잎
초록색크런키
닭가슴살120gx
후춧가루
연두부(큰거)
닭볶음용닭고기
국멸치
오뚜기핫케이크가루
바앤나소세지
오이&백오이
두배식초
영양부추or쪽파
장식용초코칩
조미김
새우(손질된)
해물다시팩
초록파프리카
파(잎위주)
(연유버터용)연유
쪽파(대파)
고추장크게
자숙꼬막(통조림사용무관)
연두부
고구마(찌거나삶은)
들기름/참기름
냉면육수
대파(썰어서)
버섯(추가무관)
통깨약간
청경채
샐러드야채
일반고춧가루
찐단호박
간장한
파마산치즈가루(선택)
물엿(생략가능)
말린표고버섯
육수혹은생수
쪽파또는
스팸또는리챔
미림(or청주)
당근6cm
닭가슴살통조림
통통소세지
무순
스위트콘듬뿍
배추큰것
반건조오징어
순두부(연두부)
족발
작은대파
밀가루
김밥용구운김
코코아가루
다진야채
썰은파
미역
새송이수북
땅꽁버터(없으면누텔라.)
쇠고기다짐육
양파기름
퍼
참치통조림
딸기우유
커버춰초콜릿
잉글리시머핀
쿠앤크아이스크림
유자청
식빵테두리
말차가루
목살
잴리
소세지
그릴비엔나소시지
고구마(주먹만한거)
시나몬파우더
커피엑기스
닭살코기
\u200b참기름
감식초
고춧가루1큰술반~
요구르트
케챱
판어묵
생강간것
식용유+참기름
당근채
후랑크소세지
꾸밈재료
로메인상추
피클링스파이스
요플레숟가락
꿀
야채참치
스팸또는베이컨
참기름(들기름)
배추묵은지
구운계란
미더덕
맛간장(시판용가능)
다진토마토
\u200b고추가루
둥근햄
허브맛소금
코코아파우더
녹차/딸기가루
참치액
식빵
노추간장
말린느타리버섯
돼지고기목살
통조림참치
양념
썬파
봄동
매실즙
청주나소주
파메르산치즈
스리라차
새싹
굴(2인기준)
새우젓(건더기만)
베이킹팬(9X5)
배추
돼지고기(채썬것)
명란젓작은거
고은소금
대파(송송썬)
홀그레인머스터드
레이디핑거
비엔나소시지통통한거
강황가루
분유물
국간장
멸치다시마육수(또는물)
들기름(참기름)
시판용된장
칼국수면2인분
블루베리쨈
통마늘(큰것)
홍고추(생략가능)
딸기
우리밀통밀가루
녹말물
우유식빵
튀김가루종이컵
멸치액젓(삼게액젓가능)
무첨가두유
설탕티스푼
손질된고등어
레몬즙(식초)
카라멜
열무
표고버섯기둥(선택)
멸치다시마국물
묵
마시멜로
샌드위치햄
쌀국수면
닭다리살에묻힐녹말가루
검은콩
슬라이스치즈
물450ml
전분물물2:전분가루
육수(or물)
돼지고기(뒷다리살)
스파게티
노른자
다진오이피클
캔통조림참치
요거트(무가당)
맛술미림
게맛살작은거
호두(반죽용)
동그란어묵
치즈반죽용박력분Softflour
살구잼
잘게다진당근
녹말
생오징어
생쌀
편썬오이
두부큰거로
냉동차돌박이
올리브오일
오이(생략가능)
산적용꼬지
맛술(있을시)
꼬치
마른표고버섯(생략가능)
찐고구마
생강청또는다진생강
상온에둔버터
노른자(L)
애느타리버섯(약200g)
양파가장바깥부분
플레인두유
바지락살
설탕이나꿀
사과작은것
실곤약
스파게티토마토소스
사골육수
가래떡(영상에선한뼘짜리두개사용)
스테비아설탕
다짐육소고기
다진김치
곤약면
체다
간장소주잔
샐러드용아채
썰어놓은파
건포도
네모참치
흑설탕
생강술OR갱강가루OR생강즙
슈가파우더(없으면설탕)
코코아파우더or제티
모짜렐라
곱슬콩나물
단무지(중간크기)
애고추
다시물(맹물도ok)
생강소스
믈
무가당코코아가루
한우소고기(살치살)
각종야채다진것
청양홍고추
감자중
오이나당근
땅콩잼or딸기잼
비엔나세지
통조림완두콩
양념소스
흰설탕
체더치즈
베이킹소다
빨강색파프리카
리챔작은것
당근(색내기용)
호두
냉이
건새우(약2주먹)
사이다(혹은탄산수)
치커리(생략가능)
다이제비스킷
쪽파
청정원타르타르드레싱소스
고형치킨스톡
파인애플통조림
차가운달걀
복숭아
불고기용소고기
블루베리(산딸기등취향대로선택가능)
시판동치미육수
양배추중자
굴소스티스푼
숟가락
냉동생새우살
햄/베이컨
후춧가루(생략가능)
통밀가루(중력분/박력분)
당근작은것
묵은지or신김치
슬라이햄
꽁치캔
브로콜리
곤이
고운고추가루
가츠오부시
콩밥혹은잡곡밥
다시마밑국물
간장(간장양념용)
오렌지술
재래된장
약간의(당근부추)
파마산치즈가루
잘게자른김치
코다리
오이(선택)
굵은멸치
다진마늘반
짜장소스
피칸또는호두
돼지고기앞다리
피자용치즈
감자(중간크기로)
통깨또는
잉글리쉬머핀
계란
흰자(L)
막대오뎅
돼지고기오겹살
카스텔라
베이컨또는햄
양배추넓은것
땅콩소스
8cm타르트쉘
통밀우리밀
레몬즙
흑임자
참기름or들기름
가지5개
바닐라익스트랙(또는럼)
버터(기름)
전분(녹말)
물엿또는설탕
비엔나소세지작은거
연어캔
돼지고기(냉동삼겹살)
시래기혹은무청
양파(생략가능)
밤
연어(횟감용)
멸지다시육수
초생강
메추리알
불닭소스
검정깨(생략가능)
전복굴소스
소금(볶음소금)
토르티야
우스터소스
종이호일
대파(대)
채썬표고버섯
사각어묵
고구마(150g)
돼지고기조림장
캐슈너트(또는호두)
치즈반죽용슈가파우더SugarPowder
후랭크소세지
청양고추(선택)
오이고추
문어다리
모짜렐라치즈
새싹채소
치킨스톡(생략가능)
국간장(조선간장)
바닐라설탕(혹은바닐라빈/바닐라향)
황치즈가루
거피안한들깨가루
계란26g×
다진소고기
무1개큰사이즈로
세로로자른맨김
명란
다시마(5*5CM)
부추(100원동전크기)
카이엔페퍼
육우차돌박이
다진땅콩
사과간것(사과주스)
빵붓
조개류
대파수북
파마산치즈(치즈가루)
오렌지제스트
청피망(작은크기)
어묵
부침가루(메밀)
(식용유)카놀라유
고추장볼록하게
참치캔(200g)
계란노른자
양파작은크기
두부(300g)
너겟
청양고추작은것
파르미자노치즈가루
주홍파프리카
고구마중간사이즈
쫄면
김밥햄
다진피칸
육수용멸치
피클
모둠해물
초절임물-물(생수)
새송이버섯작은것
대파다진것
초코가루
치킨스톡
콜라
식은밥
손질고등어
슈가파우더(굴릴것)
데치는물브로콜리
짜장분말
대파푸른부분20cm
대파잎부분
새우젓또는멸치액젓
연어살
애플민트
청양고추
돼지고기앞다리살
매운청고추
표고버섯큰거
연두순
피칸
굽기전발라줄우유
초코핫케이크가루
닭가슴살캔중사이즈(135g)
스팸(소)
다시육수팩
노랑꼬마파프리카
김
김밥용김
페스츄리생지
골뱅이
삶은우거지
파마산치즈
캔참치(150그램)
살치살
자색양파
부순오레오
다진쪽파
스팸작은것
박력밀가루
사각오뎅
기름
부순참깨
큰빨대
다이제과자
표고버섯
현미7:흰쌀
우유(혹은물)
카레가루
물엿(매운양념용)
마크니커리
수박껍질
홀그래인머스타드
생강채
알배추작은거
미나리
청고추
콩나물(1봉지)
북어채
대저토마토
양송이또는느타리버섯
경기미참드림
크린베리
둥근오뎅
파프리카청색
참치작은것
차돌박이슬라이스
설탕1번
녹차크런치
청주
스팸
키조개관자
자반고등어
닭가슴살(조리된것)
메밀국수
데친우거지
땅콩잼
연유
햄(소시지)
대파(채썬것)
소금or
황태채
파프리카(빨강/노랑)각
찐감자
머핀믹스
매콤하게먹고싶으면청양고추
바게트
얇게썬양파
다진호박
미소된장
떡사리
비닐랩
빙수팥(팥앙금)
느타리버섯한
브로콜리데친것
남겨둔식빵
감자(200g)
MSG
부추나쪽파
각종채소고기
바다장어
홍고추각각
쟌슨빌소시지
참기름(마무리)
파프리카작은것
밀크초콜릿(또는다크초콜릿)
송송썬김치
요구르트큰술
소고기스테이크
캡사이신
무(큰무1/3개작은무1/2개)
오만둥이
소주또는청주
체리
핫초코가루종이컵
믹서기
골뱅이(소라)
주꾸미
전분또는밀가루
우유또는물
닭볶음탕용닭고기
쇠고기
1인분
머그컵
생강(마늘사이즈)
데쳐다진브로콜리
새우액젓
계핏가루
김칫국물
견과류(아몬드or땅콩)
다진신김치
촉촉한찹쌀가루
곱게간인스턴트커피가루
구운김
적양배추
체다+모짜렐라치즈
곤약
와사비분말
자리멸치
생강즙택
멸치다마육수
스위트콘
쇠고기다시다
맛살(선택)
진간장(마지막단계에사용)
마시멜로우
찬버터
검은깨
핫케잌가루
분당
유자청A
비엔나소세지
소고기안심(육우)
디포리
모짜렐라치즈(또는슬라이스치즈)
계피가루(시나몬가루)
남은치킨
토마토
후룻가추
분홍소시지
육우(샤브용)
붉은양파
다진묵은지줄기
볶음김치
물or우유
치킨너겟
튀김용기름
맛간장(OR진간장)
밀가루(중력분/박력분)
섬초
인스턴트카레가루
베이컨작은거
큐브카레1조각
참기름1or
굴소스(유기농)
파작은뿌리
꿀or올리고당큰
실온계란노른자
쪽파or부추
스테이크소스혹은돈까스소스
흰양파
전분(덪가루)
손질된오징어
레드와인
설탕(B)
양배추크게
칼국수생면
다시마멸치육수
잘익은김치
다시마10cm
달래
돼지고기간것
닭고기
실리콘주걱
김장배추김치
시판유부초밥2인용
대파(쪽파나양상추류가능)
쌀한컵
쌈배추
채썬무
새우파스타할때익힌거
썬배추김치
발로나무가당코코아파우더
돼지고기앞다리살(불고기용)
햄(천원짜리사각햄)
뮤즐리or오트밀or건과일
쌈장
머쉬마루버섯
감귤또는오렌지쥬스
김가루
냉동생새우
버터
배추(노란안쪽만사용)
따뜻한밥
빨간색파프리카
부라더소다
칵테일새우
장식용허브
치즈가루or파마산치즈가루
마늘종(마늘속대)
치킨또는닭튀김제품
코코아분말
올리고당
생강술또는맛술
핫소스(타바스코소스)
다시물
볶음참깨
대패삼겹살한근
밥2공기달걀
삽겹살
큰토마토
해바라기씨2큰술
새우버터
참치150g
고추기름(또는식용유)
숙주나물
다진홍고추
청주/맛술
부침유
땅콩분태
멸치액젓또는참지액
머랭쿠키미니
청주나미림
멸치+다시마육수
간양파
스팸작은거
파프리카노랑
생이스트
간잔
짬뽕라면
한식간장
미니파프리카
파채
데쳐서물기짠봄동
크러쉬드레드페퍼
참치캔150g
다용도맛간장
감자작은것
파스타소스
비정제설탕
고춧거루
생크림
자연이든청양고추
아몬드
탄산수(우유)
돼지고기안심500g
사과(배)
스팸햄
로메인(꽃상추)
낙지(大)
매실청(또는설탕약간)
냉동물만두
잘게다진양파
식용유또는버터
홍고추또는페페론치노
버터(10g)
매운고추
오징어다리
콩고물(떡빙수용)
소불고깃감
손질된새우
제티
청양고추2개and홍고추
깍뚝썰기한차가운버터
다진풋고추또는청양고추
연유반죽용계란egg
화이트초콜릿
상온의버터
숙주크게
사과쨈
마른표고
오징어실채
조청
아이스크림
액상치킨스톡
파프리카(빨강/노랑)
발사믹글레이스
송송썬대파
미림(맛술)
와사비
셀러리
맛살
다양한초코펜
닭국물
구운호두
된장듬뿍
다진견과류
다진빨강파프리카
식초취향껏
뜨거운우유
케챂
콜라비
대패
샤프론
햄이나소시지
소금한
집간장
양파큰것
설탕또는매실액
생고추냉이
쪽파크게
삼색파프리카
가쓰오부시가루
당면
부추썰어서
젓가락
청량고추
잡채
뜨거운밥
다크커버춰초콜릿
국내산낙지(수입산)
마늘종
토막난닭
아기참기름
오레오과자
삶은브로콜리
김치(밥공기기준)
딸기에센스
대파작은
소고기부채살
맛술(소주)
생강즙
대파뿌리(파기름용)
청양고추나꽈리고추
꼬꼬빌닭가슴살60g
밀가루(중력분)
돼지고기앞다리살(전지살)
백합바지락등의조개
부추조금
브라질너트
쌀뜻물
닭육수
양파다진것
다진홍청양고추
골뱅이국물
커피믹스
옥수수전분
통마늘(다진마늘)
대파or파채
대파또는쪽파
더덕
찹씰가루
모시조개
파프리카각각
흰우유
크러쉬드페퍼
냉동새우
저염명란
마른청양고추
스팸(마일드)
꽃새우
돼지갈비
애호박다진것
부추(잘게다진것)
소주혹은맛술
파란색식용색소
캐슈넛
청양고추(홍고추)
또띠아8인치
노르웨이고등어
김치
천일염(데칠때)
미국산차돌박이
바질가루(선택)
무썰어서
피자
다시마5cmx5cm
핫초코가루
치킨너깃
프랑크소시지
차가운우유
코팅용다크초콜릿
소고기국거리용
피자치즈(생략가능)
초코칩(선택사항)
《다용도무침장》
수건
라임
가루설탕
초밥소스
부순깨
간장
한우등심
슬라이스바게트
멸치육수3컵
마늘(취향껏가감)
파프리카썰은거
전분(녹말가루)
감자큰사이즈로
오이(소)
떡갈비
파프리카(노랑)
크림치즈
사과(또는배)
칵테일
해바라기씨초코볼
허브맛솔트(소금후추)
콘시리얼
올리브오일혹은식용유
코팅용화이트초콜릿
양파(작은것)
다진파프리카
황태크게
이쑤시개
유자청B
통조림햄
다시멸치
크루통
카놀라이유
들깨
호박씨
비타민
이리
실온우유
다진노랑파프리카
자투리식빵
레몬즙밥수저
멸치액젓(피쉬소스)
돼지등갈비
미역줄기
재래식된장
막대과자
안심
밀가루(추가가능)
딸기빼빼로
오뚜기크림스프1개
소면
생강
화이트초콜릿(또는오레오크림)
불린떡
설탕A
어린잎
냉장햄
3분카레
작은당근
작은고구마
소금(입맛에맞게)
손질된냉동새우
발사믹글레이즈
뜨거운물
고춧가루(매운양념용)
어슷썬초록부분대파
타르트지
케첩(매운양념용)
풋고추(or청양고추)
복숭아(썰어서준비)중간사이즈
생강(마늘크기)
캐슈너트
버섯야채육수
레드페퍼or땡초
케일
오코노마야끼소스혹은돈가스소스
미림또는생강술
스팸작은캔
달걀물
싱싱한관자
맛술또는생강술
오트밀가루
마른새우
모짜렐라)
후춧가루톡
대파흰부분만
양파소
캔참치작은것
발사믹크림(시판용)
쌀가루
닭볶음탕용
큐브틀
흰대파
썰은대파
엑스트라버진올리브오일
시리얼
고추참치캔1캔
삶은고춧잎
당근(생략가능)
화이트커버춰초콜릿
김장김치
발사믹식초
아마씨가루
쌀떡볶이
우유(또는물)
모차렐라치즈
양파썰은거
델큐브참치
삼겹살
돼지고기
허브맛솔트
여분의설탕
명태살
청피망
호두(생)
불린미역
양파(대)
우삼겹
비엔나소시지
감자(추가무관)
쪽파한
빨강)
훈제닭가슴살120g
미림또는소주
통밀가루(or박력분)
매실식초
가위
옥수수가루
초코시럽
파프리카(노랑/빨강)
발사믹소스
바닐라엑스트렉
보리새우
그레이엄크래커
쪽파다진거
방울토마토
다크초코칩또는초코청크
복숭아음료(2%부족할때)
김치국물작은
동물성생크림
팬네파스타
마늘디핑소스(케찹or딸기쨈등)
소금
대파10센티
팽이버섯
바닐라익스트랙(생략가능)
스파케티면
당근小
식물성오일(식용유)
죽염
하프마요네즈
각얼음
쪽파or대파
계란(선택재료)
세발나물
파프리카노란색
매실액기스(올리고당대체가능)
바닐라오일
통통한게맛살
쪽파간장
돼지등뼈
부채살
옥수수식빵
흙당(설탕)
소금(부족하간)
김치(80g)
오레오쿠키
무4cm
상온의달걀
김가루기호에
양파큰사이즈
우유(두유)
돼지고기후지슬라이스
대파잎
양배추잎
스트링치즈(또는모짜렐라치즈)
소고기양지
조기
딸기요플레
호두분태
소불고기용고기
순토마토퓨레
\u200b깻잎
cj알래스카연어통조림
냉동만두(종류상관없음)
참나물두줌
대파(10cm)
버터(없을경우마아가린도가능)
채썬생강
채썬햄
오징어두마리
사리곰탕
흰쌀밥
구운계란또는삶은계란
오레오
생강술(미림맛술)
허니머스타드
통
수라간현미누룽지
생표고
머스타드
꿀(아가베/물엿/올리고당)
샤브용소고기
계피가루(매운양념용)
닭가슴살(닭다리살/닭안심)
흰설탕(굴릴것)
소고기목심스테이크용(BeefChuckSteak)
팽이버섯작은거
배즙
참치캔작은거
마지막간ㅡ소금
빨강꼬마파프리카
커스타드크림
무말랭이
그라나파다노치즈
치즈피자
토마토케챱(약간)
감자전분
모짜렐라치즈또는저지방체다치즈
레몬쥬스
소고기(살치살)
천일염
김치(잘게썬거)
케쳡
떡볶이떡2줌=
동글어묵
손질한멸치
아몬드밀가루
돈가스
마늘쫑장아찌
다시마(10*10)
다진파슬리
페퍼론치노
비엔나
통조림닭가슴살
다시마물
설탕(A)
가쓰오쯔유(시중제품아무거나)
(집)국간장
소고기사태(양지)
타임허브
조개
돼지고기불고깃감
카놀라유(종류관계없음)
옥수수콘(생략가능)
시래기
김치잎
오징어채
앵배추
캔참치150g
쑥갓
오징어
왕만두
닭고기정육
냉동딸기
고구마(중)
진미채또는북어채
숙성토마토
매실진액
참치캔(小)
설탕(흰)
밀크카라멜
멸치액젓(or국간장)
스위트칠리소스(혹은케첩)
청주(미림)
양파기름(식용류)
유부
초콜칩
후춧가루탈탈탈
배합초식초
소고기다짐육
비엔나소시지(선택)
건미역(불린미역200g)
해바라기씨
치즈가루
아몬드분태
블랙코코아파우더
마스카포네치즈
돼지고기(장조림용)
생표고버섯
로메인또는상추
양파갈릭솔트
깻잎(깨순)
강판에간양파
옥수수통조림
무(겨울무)작은거한개
새송이버섯
송송썬청고추
토닉워터
간깨
또띠아
밀크초콜릿
깨가루
무가당생크림
냉동만두작은
후추톡톡
삶은계란
냉동바나나
베이컨
김자반
곱창
인삼
매실엑기스
소시지(또는햄)
깐새우
코코넛슬라이스
파채(1대)
베이킹파우다
절임용굵은소금
통아몬드
사워크림(플레인요구르트)
화이트와인
샌드위치식빵
유리용기
모닝빵
쇠고기양지
나무꼬지
감자(중간크기7~8개)
한우다짐육
참치큰캔
참나물
잘게다진새우살
스파게티소스(피자소스)
참치캔1통
꿀/아가베/물엿/설탕
작은감자
멸치액젓
마늘(다진마늘)
블랙올리브
목이버섯
데코용애플민트
토마토퓨레(토마토)
진짬뽕
제티또는코코아가루
양배추채
톡톡채소대파레시피
밀가루(or부침가루)
양파반에반쪽마늘
모듬해물
슬라이스햄
자투리모닝빵
죽봉어묵
건표고버섯
꽈리고추(마트용)
대파(다진것)
애호박
잘게썬파
진미채
토마토소스
알새우
크래미(1팩)
레몬즙or식초
바닐라익스트랙(또는레몬즙)
돼지고기다진것
참기름이나들기름
돈가스소스
쯔유(일본간장)
생물오징어
멸치(중멸)
슬라이치즈
백세주
쇠고기등심(불고기용)
물또는우유
저온압착들기름
콩송이버섯(양송이추천)
코팅용초콜릿
단무지
데코용딸기(필수아님)
용해버터
모짜렐라치즈(선택사항)
다이제쿠키
스테이크용연어
캔참치
감자큰크기
설탕(유기원당)
불고기
도라지채
레몬주스
육수또는물
대파초록색부분20센티
김부스러기
아스파라거스
후추한번
삶은단호박
주키니호박
튀김가루혹은밀가루
소고기안심
에어프라이어
넛맥
손질한미나리
다진당근
슬라이스아몬드(선택재료)
멸치(국물다시용)
크림스프
밥종이컵
스팸(작은거)
냉동삼겹살
고명용파
식용유+참기름각
빌소시지
페퍼로치노
녹차가루
건블루베리(건포도or건크랜베리)
크래미맛살
밀가루or전분가루
설탕혹은올리고당
청포도
유부(4인분)
체다치즈(선택)
식용유(두르기)
국산들깨가루
주부9단골든치킨너겟
건포도나호두등견과류
닭날개
건스파게티면
오이절일때소금
미림
후추가루
팝콘옥수수
호박
비름나물
다진쇠고기
감자(알감자)
시금치
나무꼬지or나무젓가락
라이스페이퍼
식용유(양파기름)
양파수북
참기름
물
작은고구마찐것
박력분or중력분
스팸(小)
어린잎새싹
생강가루(옵션)
알밤
모두부
비트
꿀(=올리고당/물엿)
소이카페(두유)
오레오과자(50g)
홍삼진액
헤이즐넛
오징어자른것
통밀가루
데친톳
풋고추페스토
맛간장(진간장)
파인애플
라임즙
카놀라유
소고기불고기감
핫초코
파프리카빨간색
꼬챙이
깨
쌀밥
옥수수
전란(실온)
블루베리퓨레
앙파
고춧가루
김치볶음
달걀노른자
공깃밥
아가베시럽or올리고당
황태가볍게
코팅용밀크초콜릿
잘게다진쇠고기
홍두깨살
견과류(선택사항)
다진마늘반큰술보다
인스턴트커피
국거리소고기
부침용두부1모
소시지
매일액
치킨텐더
여러채소
불린감자전분
샬롯(미니양파)
다진돼지고기
치킨스톡뜨거운물에푼것
양파즙
돼지고기(다짐육)간것
설탕듬뿍
펜
소갈비
양배추4분의
아몬드(생략가능)
면수
플레인요거트
사탕
아몬드슬라이스나부셔진것취향에따라서
비정제원당
손질새우
순후추
파다진것
실란트로
물(or육수)
오레가노
김치(묵은지)
바닐라설탕
겨자소스
대파(흰부분)
떡볶이
깨원하는
땅콩버터
생면
두부(소)
멸치국물
남은순살치킨
카레여왕
부침가루크게
작은빨대
샐러드채소
양배추(소)
닭다리살
식빵또는남은빵아무거나
삶은닭가슴살
표고가루
바게트빵
미니초코바
배춧잎
김밥용단무지
버터(녹인것)
올리브오일또는식용유
설탕(기호에따라)
두툼한돼지고기
소시지(비엔나)
들깨순
돼지고기(갈은것)
옥수수콘통조림
돼지고기불고기용
카레한봉지...
수삼
일회용비닐
코코넛밀크(헤비크림)
건로즈마리
저지방우유
※닭다리살정육은대형마트or코스트코에서구매
익은배추김치
칵테일생새우
다진마늘큰것
멸치육수팩
껍질벗긴밤
호박잎
오레오쿠키(크림제거)
다크커버춰
메이플시럽
훈제오리고기
푸실리
닭가슴살(또는다른부위)
칼국수면
실온달걀1개_
핫페퍼
켈로그리얼그래놀라
종이컵
튀김가루
대파(쪽파)
좋은버터
전분(이나튀김가루)
냉이(가볍게)
큐브치즈
통깨/갈아놓은깨
청양초(작은)
슈하스코소시지
으깬땅콩
파슬리(생략가능)
닭볶음탕용닭
들기름(or식용유)
카누
되지목살
새우가루
대파(또는쪽파)
3mm두께돼지목살
쌀떡
다진풋고추
쑥갓한
부침두부
표고
밥작은
슈가파우터(없으면패스)
간생강
냉동우동면
박력쌀가루
생강가루
체더슬라이스치즈
떡국떡
두릅
채썬당근
표고버섯1개미니파프리카
감자중간거
오리고기
양조간장
대하
마요네즈대신들기름
익은김치
콩국물
당근2cm길이로
흰자
밤고구마
청귤
계란1개-
매운고춧가루
토핑용무염버터
다시(다시마/가쓰오부시우린물)
샌드위치빵
코울슬로드레싱
영양부추
배추크게
꽃소금
참치캔(中)
휘핑크림
다시마(5cmx5cm)
올리브유(또는버터)
늘려먹는치즈
빼빼로
어린잎채소
고추장반
쥐포
색색파프리카(2*2)
채소다진것(당근양파대파)
구운소금
식용색소
설탕(매운양념용)
닭정육
소주(소주잔기준)
오징어(대)
밀떡(쌀떡)
닭(볶음탕용)
차가운버터
벌꿀
올리브오일/아보카도오일
콩나물한
진미채한줌약
양파(100g)
소고기다시다
양파채썬것
꿀호떡
통후추
설탕큰
느타리버섯
멸치다시다육수
장식용딸기
편으로썬가지
햄또는베이컨
치즈(에멘탈
녹인무염버터
소고기등심또는안심
들깨가루(탈피)
베이비채소
장식용쿠키
굵은소금(절임용)
참치캔중간사이즈
청크초코칩
태양초고춧가루
펜네
탄산수
생크림요거트반통~한통
전분(또는박력분)
이스트or효모
차가운물
날치알
현미식초
몰티져스
오뎅(동그란것)
소금물1리터당
노란색파프리카
빅비엔나소세지
채끝등심
멸치
각종채소
통조림골뱅이400g
가는소금
치킨살
설탕소주잔
다시마(10x10cm)
파마산치즈가루(생략가능)
칵테일새우(크기:소)
채썬양배추
ABC초콜릿(밀크초콜릿)
허브가루
머스터드소스
토마토케첩
새우젓또는소금
마른잔새우
다진단무지
오징어채썬것한줌
화이트초콜릿/또는화이트초코칩
대파큰것
시판갈비양념
바닐라익스트렉
작은오징어
아몬드파우더
이스트
치킨스톡(멸치육수)
핫케익가루
굵은소금작은
키친타월
햄버거빵
청홍고추
고춧가루(생략가능)
김밥김
파프리카각
생고구마
쉬레드모짜렐라치즈
국간장(연두)
냉동솔방울오징어
토핑용바나나
전분물감자전분
소금물
구운고구마
양파중
케첩or데리야끼소스
떡볶이떡(밀떡or쌀떡)
감자(중간크기)
해물육수팩
따끈한밥
견과류
오뎅(어묵)
중력분
당면한줌
죠리퐁과자(74g)
감자(손바닥만한크기)
설탕(매실청)
대파10cm
실파3뿌리쌈장
초록색식용색소
돼지고기다짐육크게
치커리(선택)
돼지앞다리살슬라이스
핫케이크가루(종이컵2컵)
바닐라빈
참치
무가당코코아파우더
덧가루로쓰일강력분
유기농박력분
계란흰자만
유부초밥
두부맘껏
두부작은거
몽쉘카카오맛
육수다시팩
적양파
감자(250g)
콘후레이크
완숙토마토
어묵탕스프
다이제스티브쿠키
다진마늘(편마늘)
식용색소(빨간색)
조선간장
토마토약
파인애플즙
연어통조림
칠리소스or허니머스터드
미니밤호박(단호박)
겨자
피칸(견과류)
토마토스파게티소스
밤조림
햇반
양배추작은거
참치액젓
밀가루(박력분)
식물성오일
후추
후레이크
생강가루(다진생강1큰술로대체가능)
검은깨또는김
두부1모
매실액기스
크림치즈(라이트도가능)
바닐라아이스크림
우유or코코넛밀크
건표고
편생강
채썬마늘
두부3분의
캔햄
후리가케(김+깨)
실온버터
파슬리가루
실파
곶감
통조림참치85g짜리
각종야채(깻잎/상추/양배추)
목우촌계란
새우
청양고추큰거
마늘편
우동(면)사리
시판초고추장
대하또는냉동새우
소고기샤브샤브
아몬드밀크또는생크림우유
\ufeff대파
뉴슈가
물(간장양념용)
소라살
깨소금
돼지고기(앞다리살)
부침가루약
돼지목심
사브레반죽위에바를물watertobeapp
파
연근
치커리
파슬리가루(없으면패스)
커피
옥수수콘
당근3분의
청홍피망
초코청크
(생물)낙지
양송이(표고버섯)
우엉
청양고추1개~
치즈\u200b\u200b\u200b\u200b
또띠야
대패돼지고기
청주또는미림
두부구울때식용유
각종채소들
양파반개
녹인버터
돼지고기족발
쑥
저염맛간장
물엿
따뜻한우유
참치캔작은것
오미자청(또는매실청)
오징어몸통
샐러리가루
캐찹
오뚜기옛날사골곰탕국물
미원
실온달걀노른자
버섯파우더(취향껏)
까니리액젓
닭안심살
오뎅
미림(or청주or소주)
제육양념
닭볶음용
부침용두부
굴소스또는간장
빨강파프리카
피망(청양고추)
국간장이나액젓
큰감자
김치국물
통조림골뱅이
다진스팸
무우
우삼겹이나불고기감
대파고춧가루
계피가루
파프리카(노란색)(1*1cm)
딸기마카롱
과일쨈
배추속
호떡믹스
조미
장식용블루베리
참드림쌀밥
슈가파우더윗면더스팅용
청고추&홍고추
파슬리
백설탕
사골곰탕
소금또는쯔유
올리고당또는물엿
계피
토마토웨지
돼지고기잡채용
핫도그번
부침가루듬뿍
청주혹은소주
사보르아르디레이디핑거쿠키
무쌈용무
감자(소)
찌개용돼지고기후지
헬로네이쳐떡볶이양념
호두가루
참치1캔
떡
별도의우유(위에발라줄꺼)
식빵러스크
매실주
통밀
양파작은것
시판용토마토소스
들기름or참기름
카카오파우더
믹스커피
시판용칠리소스
누텔라잼
우유5g×
양배추약
우리밀가루
쌀뜨물(or사골육수/육수)
짜투리채소
설탕또는올리고당
버터오일
쑥가루
달걀(M)
스팸슬라이스
양송이버섯1팩
양송이버섯(criminimushrooms)
후춧가루(선택)
대파흰부분
버터(밥통에슥슥)
쇠고기(불고기용)
라임(레몬)
간돼지고기
다시마국물
포도씨유
물만두(시판)
파슬리후레이크
볶은천일염
꽁치
다시마우린물
양송이
새싹보리가루
불닭볶음면
연유(또는설탕)
잔파
오뚜기사골육수
청량초
홍고추
해물믹스
달걀1개방울양배추
백앙금
소고기불고기
물(필요에따라약간더)
하얀만송이버섯
땅콩피넛버터
딸기퓨레
설탕또는연유
물(콩나물삶을때)
파르메산치즈가루
진주햄육공방브라운스모크
정육된닭다리살
소고기삼겹우삼겹
다진대파
중새우
감자
토핑용아몬드슬라이스
피시소스
데리야끼소스
물종이컵1컵
파래
양파채
홍게살
파프리카(다른색)
파(또는마늘쫑)
홍합등해물(대체가능)
무침양념-고춧가루
다시국물
파작은것
당근
계란1개
레몬청
육회용고기
달걀2개
(냉장고속야채들)
밴댕이
포두부
초코펜
간장장아찌국물
약간매운고추
시나몬가루(계피가루)
고운들깨가루
편마늘마늘
계란물(노른자+흰자)
그린빈
닭가슴살혹은닭다리살
좋아하는해물
엑스트라버진올리브유
오징어큰거
프랑크소세지
캔참치작은거
바지락1봉
은행
시금치즙
아욱
청양고추(추가)
한우양지
카레고기
닭(볶음용)
유아용치즈
기름(현미)
다시마조각
소고기(국거리)
다진햄
닭똥집
식용유
잡채용돼지고기(등심)
또띠아20cm
프레첼
올리브유(또는식용유)
쥬키니호박
흑후추가루
밀가루혹은부침가루
귀리가루(오트밀갈아서사용가능)
인스턴트드라이이스트
냉동블루베리
오뚜기참깨드레싱
페투치니면
청귤즙
올리고당or설탕
냉장고속야채
드라이허브
소고기척아이롤
돼지고기목심다짐육
ABC초코
계량:밥숟가락기준
귀리
설탕(올리고당)
레몬제스트
미니새송이버섯
쪄서으깬고구마
작은양파
중간고춧가루
크로와상
스워브
노랑파프리카
참치캔큰것
동치미육수(냉면육수)
말린로즈마리
다진청피망
피자소스또는토마토소스
곱게간얼그레이찻잎
치킨스톡(없을경우요리팁참고)
마늘(편썬것)
아기치즈
※밥숟가락기준
대추
머위대
1.
깻잎
꽃등심(미국산)
감자큰거
호밀
소고기(등심)
젤라틴
다진양파
통조림참치캔
통들깨
냉동중화면
삶은감자
바닐라익스트랙
데친미나리줄기
간장(매운양념용)
건오징어(몸통)
설탕약
청포묵가루
미역국수
빨간고추
송송썬미나리
완두배기
치즈반죽용계란egg
멸치다시다육수또는생수
햄or스팸
블루베리
양파(썰어서준비)큰거
황설탕
오이절일소금
유부초밥소스
잘게썬쪽파
유부초밥(10매)
모닝빵(생략가능)
큰무
고등어1마리밀가루수북히
토마토파스타소스
식용색소노랑
건바질
라면스프
대파하얀부분
물기제거한두부
어간장
쪽파또는실파(생략가능)
둥근긴어묵
바베큐소스
다시마육수또는물
미온수
감귤쥬스
다이제
참기름또는들기름
백후추
무채
햄&베이컨
으깬고구마
파프리카빨강
조개다시다
가지
전란
소고기불고깃감
대파초록부분
메밀가루
대파뿌리
슈가파우더(또는설탕)
백만송이버섯
강력분/중력분
참치통조림(150g)
송송썬쪽파
아주차가운물
통깨or깨소금
파드득나물
닭가슴살1인분
허니머스타드소스
튀김기름
어린잎채소(생략가능)
우유또는생크람
찌개용돼지고기
쪽파또는대파
쥐똥고추(or청양고추)
동태
천일염(무절임용)
물(통조림캔으로)
월계수잎
우유혹은두유
면
양배추(작은것)
당면약
장식용무화과
육수
얼갈이배추
청양고추(생략가능)
필링백프로올린생크림
습식찹쌀가루
샌드위치용슬라이스햄(또는베이컨)
깻잎작은것
중력분130g+코코아파우더
생강맛술또는맛술
파기름식용유
골뱅이캔
양상추
큐원호떡믹스(호떡꿀믹스)
병아리콩
민트차티백
코앵트로
묵은지김치
커피리큐르
나초
버터(식용유)
다진파프리카노랑
사과식초
재료:애호박
레몬즙또는식초
블랙페이퍼(흑후추)
커피나티백차
당근반달모양
표고소금
밀가루종이컵
달걀(왕란)
생강술(맛술미림)
소금약간
닭가슴살통조림(135g)
후리가케(또는김가루)
무염버터
다진대파(또는쪽파)
칵테일새우또는자숙새우
갈은쇠고기
올리고당(물엿)
티스푼버터
데코스노우
분말카레가루
식빵남은거
유자청(시판용)
대나무꼬치
편마늘
순두부1봉
홍피망
관자
커피가루(아몬드가루.코코넛가루.시나몬가루등)
잘게썬깍두기
열무김치
달걀흰자
고추가루(&청양고춧가루)
쌈채소
건포도(생략가능)
아기간장
닭안심
해바라기유
맛소금
그라노파다노
민트혹은로즈마리
묵은김치
닭고기(허벅다리)
찐옥수수알
부추
식초
진간장
닭가슴살
알배추
오뚜기오메가3버터
닭고기(순살)
당근중간사이즈
파우치참치
파마산가루
가쯔오장국
묵은갓김치
멸치다시팩
적채
스팸한
청양초(option
빵가루
카레(매운맛)
배추절임용천일염
믹스너트
버터(반죽에퐁당)
마일드참치
고구마(2개)
올리고당(혹은물엿)
베이킹식소다
피쉬소스
생강술(맛술)
소시지기호에따라
찰옥수수
강력분
Coconut코코넛오일
감자(작은것)
투게더
귤
설탕시럽설탕
딸기쨈
우유또는두유
블랙올리브슬라이스
쌀뜨물
초간장
대파조금간장
양파(작)
디종머스터드
돼지앞다리살
자투리바게트빵
풋고추or오이고추
소주(청주)
대추토마토
매실원액
말린북어채
닭다리순살
녹말가루
김가루또는통깨
노란피망
코코아가루(무가당)
치즈슬라이스
백미
전분
실온무염버터_짜는용
양송이버섯작은거
버터또는식용유
스팸(작은것)
스위트칠리소스
소금(숄트)
다진파인애플
닭다리살5장
연유(또는설탕/꿀)
밀가루풀
검정깨
양조식초
생굴
빨간파프리카
낙지
멸치다시물
달고나
갈치
후랑크소시지
잔멸치300cc
돼지고기채
미림or청주
공심채
맛살짧은것
베이키파우더
연유sweetenedcondensedmilk
초코칩(계량컵으로)
통깨(마무리)
생강술or맛술
슈가파우더
멸치(멸치볶음)
데친단배추
양파(小)
청양고추큐브
아몬드슬라이스(생략가능)
파or청양고추
두부큰거
두부사각썰기
박력분(소주컵기준)
물(1422ml)
구운어묵
생연어
커피가루
로즈마리
대파(생략가능)
떡볶이용떡
차돌박이(혹은샤브용고기)
청홍고추각
우동면
소금티스푼
굴비
로투스또는기타스낵
물(또는육수)
다크초콜렛
통깨
치즈가루(생략가능)
오일(올리브유제외)
전복
소고기
간장(또는굴소스)
식물성오일/올리브유제외
건과일
찹쌀
양파(옵션)
후춧가루와
팝콘
황태포
떡갈비냉동식품
목살1cm두께
설탕170g+
황도통조림
소금(오이절임)
무(중간크기)
치아씨드
신라면
초코시럽(생략가능)
인스턴트짬뽕라면
청솔닭가슴살
발사믹
상온의생크림(헤비크림)
리챔
오징어1마리
오이지
햄or소세지
신김치
유리병
냉동산딸기
생수소주잔
꽃상추
간장(진/양조간장)
소고기(국거리용)
청양고추(or청고추)
햇감자
얼갈이
올리브유
현미떡볶이
닭가슴살스테이크
고기
파스타
집된장
감자알감자
실온달걀
아기된장
떡볶이떡(밀떡)
케첩
배추잎/알배추
다진야채(기호껏)
콩나물1봉지
돈카츠소스
다크커버춰초코칩60g~
양상추(소)
굴소스
칵테일새우(중간크기)
밀떡
체다치즈혹은페퍼잭치즈
필링용딸기잼
손질한새우
건멸치
물(계란에들어갈)
소금(밑간)
시금치(포항초)
고슬고슬한밥
참치한캔
명엽채
죽순
홍파프리카
채썬깻잎
초코볼
케찹
대패삼겹
(3cm)무
계란90g/
브로컬리
깨한번
다시마
초콜릿펜
옥수수한캔
컵-
고추장(평평하게깎아서계량)
오이
타바스코(핫소스)
슈가파우더(선택사항)
국간장(어른수저)
대파작은크기
코코넛오일(액체상태)
가다랑어포
계란(달걀)
소금죽염
매실액
바나나
무(대)
김자반or김가루
\u200b다진마늘
소고기(불고기/샤브샤브용)
양파고추장아찌물
특란달걀
돼지고기안심
으깬감자
명란젓굵은걸로
매실청or맛술
갈색설탕
참기름또는참기름
볶은통깨(참깨)또는꺠소금
빨강피망
청주or와인
통소시지
(연유버터용)버터
코코넛밀크
김치(국대접기준)
두유
내린육수
당근작은거
생각즙
가지중간것
참치캔1개
볶음탕용닭한마리
\u200b국간장
바질(파슬리약간으로대체가능)
올리고당이나물엿
무쌈
밥약
메이플시럽(또는꿀)
바지락
마
다진잣
무절임-소금
복숭아콤포트과육만
된장반
하리보젤리
오리
크림
블랙타이거새우
8인치또띠아
카레
미림(선택)
흑후추
콩나물
생참기름취향껏
스파게티면
고추장듬뿍
염장꼬시래기
소고기(불고기감)
맛소금(취향껏)
자숙새우(칵테일새우)
실온생크림
스윗칠리소스
체다슬라이스치즈
소떡소떡소스
버터한
불고기맛햄
그뤼에르치즈
버섯
망고
미니소시지
플레인요거트(80g)
밀떡(아무떡가능)
m&m초콜릿
초콜릿
모짜렐라슬라이스치즈
치자
양파작은
바질가루
설탕(적은)
간쇠고기
유기농설탕
시판용스윗트칠리소스
실온크림치즈
사과간것or
레몬식초
통조림햄제일작은거
돼지등심
휘핑크림or요거트
가지(중)
채끝살
코팅용딸기초콜릿
바비큐소스
설탕또는꿀
데친브로콜리
떠먹는플레인요구르트
넓적어묵
하겔슈가
표고버섯가루
치즈반죽용버터Butter
멸치다시육수
납작오뎅
국간장밥숟가락
소금(중간굵은:천일염)
청양고추다진것
크래미작은사이즈
오이채
다진호두
크래미
굵은고춧가루
맛술(또는청주)
대파썰어서
마늘(편으로썬)
건고추
김밥김또는시금치나물
땅콩
잡곡밥
초코다이제
핫케익믹스
계란후라이
우동면사리
소금(선택)
케이퍼
고수원하는
소고기등심
엑스트라버진가니쉬선택재료
콘스타치
송송썰은대파
감자녹말
오레오분태
페페론치노
맛술(미림)
후추약간
산적꼬지
타임
자색양배추
스리라차소스
베이글
짜장가루
튀김식용유
진미오징어채
시럽(생략가능)
미니돈까스
멸치다시백
면두부
다진방울토마토
미지근한물
(실온에둔)버터
바나나맛우유
토르띠야
사과조림
계란물
올리고당또는(물엿)
찬물
다시마(5x5)
파(송송썸)
계란(M)
얇게썬소고기
(국물용)멸치
우리밀볼어묵
양송이(大)
햇양파
소고기(한우)
한천가루
젤리
일반후라이팬
맛술또는미향
들깨가루
양파채썬거
중면
건조크린베리
베이컨(소세지)
고등어
시판용쌈장
새송이
빨강고추
소고기꽃등심
소고기안심또는등심
삶은달걀
중국당면
과일
계란흰자
닭봉(한가지만사용해도됨)
포도씨오일
석쇠
오뚜기갈릭아이올리소스
데친냉이
박력분또는중력분
캐첩
사과
대파(흰대)
얼그레이찻잎
고추다진것
왕소금
청양고추(혹은크러쉬드레드페퍼)
다진부추
콩가루2큰술
키친타올
카놀라유혹은식용유
명란젓
오징어(小)
타바스코소스(또는토마토케첩이나스위트칠리소스)
두부(2모)
방울양배추
새우살
참기를
대파나쪽파
찍어먹을맛간장
고구마(소)
닭앞다리살
들기름
귤절여줄설탕
굵은소금약
취나물
한우채끝등심
수제소시지
파흰부분
들기름+참기름
허니머스터드
다시마육수용
무손가락
스톡이나굴소스
참치작은거
치킨육수
따듯한쌀밥
양파찹듬뿍
다진생강
옐로우파프리카
풋고추
바질또는바질페스토
데친콩나물
크기가큰양파
고추또는
베샤멜소스
꽈리고추(생략가능)
페투치네파스타
냉동삼치
들깨가루수북히
치즈(선택)
\u200b멸치&다시마육수
크림닭가슴살
소금(조절가능)
호밀가루
만두(교자만두/물만두)
물(멸치육수)
두유나우유
밀가루(전분가루)
박력분
초코아이스크림
마카로니
버터(또는식용유)
지퍼백
다시팩
당근은
카스테라빵
데친브로컬리
무약간
조림멸치
햇양파큰것
두부
오이맛고추(7개)
장조림용소고기
월계수잎(생략가능)
생수
탈지분유
프로볼론치즈(모짜렐라치즈가능)
얼그레이홍차잎
돌미나리
미니새송이
작은과도
정종
탈리아텔레
킨더밀쉬
▶재료:계란
꿀이나시럽기호에따라
물엿(간장양념용)
찌개용두부
김치다진것
다진마늘쫑장아찌
미역국그릇
청국장
참치캔1캔
오징어大
손질한닭한마리
쌀조청
돈까스
삼치반마리뼈를바른삼치/길게
아삭이고추
불린당면
작은배추
올리고당(설탕)
콩기름
마요네즈체다치즈
깨순(또는깻잎)
땡초
칠리파우더
자연이든국산생강
파(생략가능)
퍼프리카빨강/노랑
알배기배추
대파(녹색부분)
홀그레인머스타드
대파총총썰은거
팥앙금
바닐라향
쥐똥고추
양파(작은거)
초콜렛(다크추천)
슬라이스아몬드(생략가능)
양파(소)
익힌단호박
죠리퐁
우유or물
슬라이스마늘
옥수수캔
전분물
얼그레이티백
닭다리
브로콜리자른것
베트남고추
씻은묵은김치
양파큰거
타코시즈닝
가리비
스파게티소스
깻잎순
물엿(or올리고당)
뚝심
파비움프라우벨
베이컨이나돼지고기안심
당근6cm길이
햄(생략가능)
모짜렐라치즈(체다치즈로대체가능)
핫케이크믹스
풋고추(청양고추)선택
후추톡
소고기불고기용
슬라이스아몬드
대파초록색부분
홀토마토
라면
토마토케찹
오징어작은것
노랑
크래커
들깻가루
오징어한마리
코코넛채
시판스파게티소스
밀가루약
사이다또는설탕물
설탕50g×
갑오징어
(우유)식빵
고구마(찐것)
찬밥
단단한두부
해물
우유리챔
양상치
황태
큰양파
올방개묵
고운소금
맛술
참치큰거
양파(작은)
데친열무(없으면생략가능)
춘장
치즈떡
양파
각종자투리야채
무반개
코코아
버터수저
파슬리타임등의허브가루
간장소스
크래미또는맛살
우리밀중력분
홍합
꼬막
쏭쏭썬대파흰부분
쭈꾸미
연유반죽용버터Butter
냉장고속자투리채소
홍피망(작은크기)
주먹밥가루
돼지삼겹살
청양고추3개~
소고기(불고깃감)
물(매운양념용)
웨하스
까나리액젓
냉동대패삼겹
감자주먹만한것
돌나물
다진생강(생략가능)
떡꼬치떡
다진마늘듬뿍
햄프씨드
모둠어묵
맛술(소주)소주컵
목우촌주부9단프랑크소시지
새우젓
원당
고추장
명란약
메실청
식초(세척)
맛간장
통깨또는깨소금
마른꽃새우
짜지않은치즈
맛타리버섯
깻가루
더건강한오리지널햄
달걀(삶은것)
블루베리큰술
우동사리소포장
데치는소금
노란파프리카
냉동왕만두
크래미90g
2배식초
볶은참깨
새우젓국물
생수또는정수된물
소고기(불고기용)
마늘(다진것)
마늘
초코칩(생략가능)
유부피
행복한콩국산콩두부
두부작은크기
바나나(껍질제외)
두부(부침용)
대파손가락길이
중화생면
얼음물
깐메추리알
꿀또는시럽
무순새싹채소
크림소스
삶은고구마(소)
월남쌈피
대파다진거
큐원호떡믹스
주황파프리카
열무김치(있으면)
시판유부초밥(2인분)
커피액기스
파슬리또는대파
잔파(쪽파)
누텔라
마늘(매운양념용)
냉동믹스베리
전분가루또는부침가루
고추기름(들기름대체가능)
하트스프링클
견과류(&건포도)150g-
타먹는초코가루5봉
올리고당(설탕.매실액대체가능)
고추냉이
마시는요구르트
꼬꼬빌닭가슴살
배추잎
코팅용댤걀흰자
딩근
베이컨or슬라이스햄
고추기름4T~
연겨자
닭(다리살)
설탕B(노른자용)
참크래커
민트에센스
얼음
고형카레
양파(느타리버섯)
참치쌈장
아이싱슈가위에뿌리기용으로
핫소스
연근작은크기
오이슬라이스
채썬표고
통후추(간거)
밀가루(박력)
참치캔150g짜리
토스트식빵
오뚜기프레스코스파게티면
큰두부
바질잎
꿀or시럽
조각다시마
가염버터
통마늘(다진마늘1숟가락으로가능)
건조크랜베리
고구마큰걸로
실온무염버터
국거리용소고기
버섯(한입크기로썰어서)
저민생강
우유한컵
강낭콩
참깨
가시오이
돼지목살
바질
굴소스(간장으로대체가능)
맛술소주잔
대파or쪽파
밀크초코또는다크초코칩
올리고당(또는물엿)
둥근호박
귤알맹이
시판스테이크소스
라임즙or레몬즙
전분(밀가루)
스프링클레인보우
실곤약1봉지
양상추(샐러드채소)
장식용설탕
세척용굵은소금
칵테일새우or새우
콘옥수수
새송이버섯기둥
목우촌프로포크목살
콩나물시판포장콩나물
엄마표어묵시판
굴
참치작은캔
딸기잼
자숙문어
바나나중간크기
냉동김말이
마늘분말
염장미역줄기
슈거파우더
스트링치즈
라임주스
채썬양파
아보카도
대파또는양파
청양고추1개밀가루
비닐에담아준비피자치즈
파고추장
오징어큰사이즈
돼지고기목살(스테이크용또는도톰한구이용)
표고버섯슬라이스한것
요리용입자소금
굵은소금
올리브
피자소스
파마산
다크초콜릿칩
물엿(올리고당)
닭
땅콩가루
몽쉘
꿀(올리고당/설탕ok)
건새우
후추(선택)
깍둑썰기한고구마(감자)
매실액or설탕
순살치킨
김치국그릇
다진피클
팔팔끓여뜨거운물
야채데칠때소금
돼지고기앞다리살또는뒷다리살
감자(대)
부침가루
다진청홍피망
다이제스티브
자일리톨
손질된닭다리살
현미밥
손두부
단호박큰것
대파작은것
카놀라유(또는포도씨유등등)
생카테일새우or자숙새우
그라나파다노
팥배기
양파(큰것)
크랜베리
오일
손질오징어
감자中
연어슬라이스
인스턴트커피파우더
버터(스틱버터2cm)
베이킹파우더
황태(북어)
페페로치노
마늘쫑
마늘버터
볶음소금
조림간장및진간장
계란프라이
무한토막
양념소불고기
연두
오징어m사이즈
무2cm너비
b.p
판어묵(50g)
양배추or
맛간장(또는굴소스)
고구마(작은것)
고구마큰것
부추(쪽파/파대체가능)
가래떡
국물용손질멸치
소고기술라이스(불고깃감)
잘익은아보카도
물참치캔으로
단호박
일자오뎅
불린쌀떡
밥숟가락
맥주
하얀설탕
두부(찌개용)
깻잎(생략가능)
무
채소나버섯
꽈리고추
통조림옥수수
믹스견과
이쑤시개(산적꼬지용)
장식용견과류
딸기잼(또는원하는잼)
고구마큰거
숙주
건표고와다시마불린물
피스타치오
구운베이컨잘게썬것
까놀라유
씨겨자
양배추채썬것
라임(혹은레몬)
호가든맥주(소)약
미로와(생략가능)
두반장
설탕A(흰자용)
국수
참치(작은캔)
삶은시래기
돼지고기앞다리살(제육용)
따뜻한물
근대
파우더슈거
굵은소금(배추절이기)
소고기사태
초간장(간장식초)
잔파/쪽파
쏭쏭썬쪽파
다진쪽파(or부추)
샐러리
통조림파인애플
딸기(대)
발효버터
시판사골곰탕
해바라기씨초코
단감
납작어묵
휘퍼
인스턴트알커피
배
인스턴트커피(통계피/레몬/럼/코냑)
갈은돼지고기
들기름또는참기름
강판에간마늘
커피우유
콩나물많이크게
열무김치국물
소금듬뿍
식용색소빨강
2배식초(식초)
잡채용돼지고기
주황꼬마파프리카
다진파프리카빨강각
골뱅이캔국물
마일드스팸
액상생크림
간딸기
부추(or깻잎)
항정살
레몬(레몬즙경우3T)
청(홍)고추
쌈무
버섯(아무버섯이나가능)
마요네즈또는크림치즈
양파갈아서
액젓
삶은감자큰사이즈
다진청양고추
통삼겹살
카스테라
건다시마
양파(중)
다진양파(중)
사골곰탕(시판용)
퉁후추
자른다시마
돼지고기삼겹살
동원개성왕교자만두
럼밥수저
바닐라빈페이스트
머스터드
닭가슴살캔
양파껍질
알감자
감자중간크기
미숫가루
훈제연어
바게뜨(또는식빵)
저염간장
바나나우유또는원하는우유
유부(생략가능)
해산물
미니단호박
매운고추(선택재료)
달걀(L)
고추가루듬뿍
피자치즈(토핑용)
컵라면
각카레
이탈리안파슬리
큰비엔나소시지
데친얼갈이
사과주스
순대
맛술(청주)
재료(24개정도)버터
아가베시럽(또는꿀)
쯔유
어린새싹
사이다
청크초콜릿
커스터드크림
레드페퍼
감자(小)
얼린식빵(빵가루로대체가능)
전자렌지
레몬
다크초콜릿(56%)
냉장고채소
멸치다시마육수
파프리카홍색
진미채오징어
검정통깨
대파반대
대파흰대다진것
치즈미니(크림치즈또는체다치즈)
베이비순
햄자른거
차돌또는등심
톳
액젓(멸치까나리아무거나)
다진파
파슬리가루(선택)
새우젓국
또띠아6인치
고구마작은것
생새우
미니밤호박
다크초콜릿(생략)
마른고사리
크래미(140g)
고명용대파
브로콜리작은
남양3층카야치즈
멜론즙
불닭볶음면소스
소금(죽염)
상온에둔크림치즈
조림용새송이버섯
찹쌀가루(약간수북하게)
김말이
머스코바도
캔골뱅이
무염버터/녹인버터
실온에놔둔버터50g*
대파고명
잔멸치
아가베시럽
마늘가루
토핑용설탕
고운고춧가루
튀김가루(밀가루가능)
스팸큰거
무염\u200b\u200b버터
멸치가루
스프링클
가당두유
크래미(작은사이즈)
소고기등심또는목심
땅콩다진거
다진청양초
건조과일
우유(or생크림)
육수팩
생강파우더
납작당면
만개한알
파잘게어슷썰어
완두콩
초록고추
덧가루(박력분)
파프리카적당량
쇠고기(불고기용이나부드러운부위)
판젤라틴
양파(작은사이즈)
쌈야채또는새싹채소
훈제오리슬라이스
한우소고기불고기
청주(오징어데칠때사용)
코코넛롱
포도
11인치타르트팬
코팅용설탕
즉석밥
알배추잎
아몬드슬라이스
요거트
수라이스치즈
옥수수팝콘용
냉동만두
쥬키니
생크림*
비핸나소시지
팽이버섯(선택)
콘후레이크시리얼
돼지고기(목심)
오일스프레이
닭가슴살소세지
비정제황설탕
은박컵
치킨스톡(고체형)
식용색소그린
반죽표면에발라줄달걀물
시금치(잎부분)
노랑피망
멸치다시마육수또는물
애기느타리버섯
후리가케
연유반죽용박력분Softflour
소주
오이피클
요리당
자연이든국산마늘
자숙새우
달걀후라이
껍질깐시래기
쌀떡볶이떡
집에있는야채
우유
슬라이스치즈(or모짜렐라치즈)
생강술(또는맛술)
고기(등심또는차돌)
거품기
감자전분가루
깨소금(볶은통깨간것)
사브레반죽위에뿌릴설탕sugartobesp
잼
마른홍고추
오렌지주스
붉은고추
잘게다진김치
산딸기
양송이버섯
볶은깨
게맛살
사워크림
꿀(시럽)
훈제닭가슴살
리코타치즈
파(잘게썬것)
김가루(선택)1인
양파가루
두부(400g)
소금두
말랑카우
마른김
굵은
생강청
종이
소금(기호에맞게가감)
다진베이컨
양파中
스팸통조림
라자냐면
키위
상추
바질페스토
만두
청경채8뿌리
새우젖
오징어(몸통)
간마늘
파스타면
양지
초콜릿칩
낙지젓
가나슈
청주or
순두부
다크초콜릿커버춰
청양고춧가루
콩나물크게
매실효소
익힌닭가슴살
닭가슴살(무항생제)
자몽
부침가루(생략가능)
삶은배추
식용류...
팽이버섯큰1봉지
올리브유또는식용유
국물멸치
샐러드야채들
시판토마토소스
블루베리잼
건크랜베리
꽁치통조림
레몬제스트레몬
골뱅이통조림국물
대파
삶은검은콩
두부한모
냉이순
달걀프라이
오레오(장식용)
연어
닭안심(닭가슴살)
꿀or올리고당
파프리카
소금2g×
멸치다시마물
알래스칸사각어묵
마늘(간장양념용)
마른바질가루
고구마
피넛버터
갈비찜고기
감자(중간사이즈)
갈은깨
빵가루(대체사용식빵3장)
간장또는소금
튀김용식용유
페페론치니
건미역
믹스생크림가루
실온의말랑한버터
꽃빵
식용류
당근4분의
미향
우동생면
후추살짝
소불고기
양배추
오미자청또는매실청
완두콩통조림
홍게간장or국간장
밀가루(아무거나)
식용유(매운양념용)
쵸콜렛칩
황태포(멸치)
통조림햄(작은사이즈)
레시피마다달라요!
\u200b간장
치킨스톡작은거
다진파(생략가능)
견과류(생략가능)
팝콘용옥수수
프로틴
프라임꼬치구이프랑크소시지
적피망
흰밥
고구마1개
인내심
\u200b대파
믹싱볼
대파썬거
도시락김
파프리카파우더
돈까스소스or케찹
집고추장
딸기쿠키크런치
돼지고기등심
피망
라즈베리퓨레
계란100g-
설탕(묻힘용)
생강술
후리카케
매실청
부침가루(밀가루)
감자(중)
배기류
주먹밥토핑
남은족발
설탕또는프림이안들어간커피알갱이
야끼소바소스(돈까스소스)
마른미역
후리카케(김가루)
매실
아몬드분말
소수
맛술또는물
과일잼(또는설탕)
슬라이스체다치즈
\u200b마요네즈
순두부2개
노추
초코칩
후추티스푼
골드커버춰초콜릿
생크림/우유
올리고당또는꿀
두부(부침찌개용)
매실청또는올리고당
감자(1개)
바닐라에센스
다진생강(즙)
조선호박
불고기용돼지고기앞다리살
실온계란
콩나물(1봉)
큐민
참기름밥숟가락
애느타리버섯
시판된장
브로콜리1송이
화이트와인(맛술/청주)
허브소금
쌀엿
공기밥
등심
오리슬라이스
우유or아몬드브리즈
다진피망
